item_id,restaurant_id,item_name,category,price
ITEM00001,REST0001,French Fries,Side,136
ITEM00002,REST0001,Veg Burger,Burger,196
ITEM00003,REST0001,Cold Drink,Beverage,54
ITEM00004,REST0001,Chicken Burger,Burger,233
ITEM00005,REST0001,Brownie,Dessert,137
ITEM00006,REST0001,Cheese Fries,Side,162
ITEM00007,REST0002,Pasta Alfredo,Main Course,335
ITEM00008,REST0002,Minestrone Soup,Starter,229
ITEM00009,REST0002,Tiramisu,Dessert,230
ITEM00010,REST0002,Caesar Salad,Starter,257
ITEM00011,REST0002,Margherita Pizza,Pizza,333
ITEM00012,REST0002,Garlic Bread,Side,160
ITEM00013,REST0003,Kulfi,Dessert,93
ITEM00014,REST0003,Tea,Beverage,39
ITEM00015,REST0003,Dabeli,Snack,81
ITEM00016,REST0003,Samosa,Snack,43
ITEM00017,REST0003,Vada Pav,Snack,73
ITEM00018,REST0003,Misal Pav,Main Course,132
ITEM00019,REST0004,Medu Vada,Breakfast,60
ITEM00020,REST0004,Masala Dosa,Main Course,155
ITEM00021,REST0004,Idli,Breakfast,82
ITEM00022,REST0004,Kesari Bath,Dessert,101
ITEM00023,REST0004,Uttapam,Main Course,145
ITEM00024,REST0004,Plain Dosa,Main Course,136
ITEM00025,REST0005,Margherita Pizza,Pizza,342
ITEM00026,REST0005,French Fries,Side,130
ITEM00027,REST0005,Farmhouse Pizza,Pizza,421
ITEM00028,REST0005,Garlic Bread,Side,159
ITEM00029,REST0005,Brownie,Dessert,124
ITEM00030,REST0005,Cheese Garlic Bread,Side,210
ITEM00031,REST0006,Chicken Biryani,Main Course,360
ITEM00032,REST0006,Veg Biryani,Main Course,261
ITEM00033,REST0006,Chicken Kebab,Starter,256
ITEM00034,REST0006,Gulab Jamun,Dessert,85
ITEM00035,REST0006,Soft Drink,Beverage,46
ITEM00036,REST0006,Raita,Side,70
ITEM00037,REST0007,Brownie,Dessert,158
ITEM00038,REST0007,Mango Shake,Beverage,189
ITEM00039,REST0007,Cold Coffee,Beverage,158
ITEM00040,REST0007,Garlic Bread,Snack,146
ITEM00041,REST0007,Chocolate Shake,Beverage,200
ITEM00042,REST0007,French Fries,Snack,148
ITEM00043,REST0008,Pasta Arrabbiata,Main Course,294
ITEM00044,REST0008,Pasta Alfredo,Main Course,308
ITEM00045,REST0008,Tiramisu,Dessert,233
ITEM00046,REST0008,Minestrone Soup,Starter,228
ITEM00047,REST0008,Garlic Bread,Side,143
ITEM00048,REST0008,Cold Coffee,Beverage,149
ITEM00049,REST0009,Brownie,Dessert,144
ITEM00050,REST0009,Veg Burger,Burger,185
ITEM00051,REST0009,Ice Cream,Dessert,106
ITEM00052,REST0009,Chocolate Shake,Beverage,199
ITEM00053,REST0009,Cold Drink,Beverage,66
ITEM00054,REST0009,Chicken Burger,Burger,214
ITEM00055,REST0010,Hakka Noodles,Main Course,249
ITEM00056,REST0010,Chicken Fried Rice,Main Course,256
ITEM00057,REST0010,Spring Rolls,Starter,191
ITEM00058,REST0010,Chicken Momos,Starter,201
ITEM00059,REST0010,Veg Momos,Starter,189
ITEM00060,REST0010,Veg Fried Rice,Main Course,233
ITEM00061,REST0011,Minestrone Soup,Starter,238
ITEM00062,REST0011,Caesar Salad,Starter,234
ITEM00063,REST0011,Pasta Arrabbiata,Main Course,327
ITEM00064,REST0011,Pasta Alfredo,Main Course,312
ITEM00065,REST0011,Tiramisu,Dessert,266
ITEM00066,REST0011,Garlic Bread,Side,148
ITEM00067,REST0012,Chocolate Shake,Beverage,175
ITEM00068,REST0012,Chocolate Lava Cake,Dessert,168
ITEM00069,REST0012,Gulab Jamun,Dessert,72
ITEM00070,REST0012,Mango Shake,Beverage,153
ITEM00071,REST0012,Soft Drink,Beverage,48
ITEM00072,REST0012,Brownie,Dessert,139
ITEM00073,REST0013,Kulfi,Dessert,94
ITEM00074,REST0013,Misal Pav,Main Course,139
ITEM00075,REST0013,Lemon Soda,Beverage,69
ITEM00076,REST0013,Samosa,Snack,50
ITEM00077,REST0013,Tea,Beverage,30
ITEM00078,REST0013,Dabeli,Snack,88
ITEM00079,REST0014,Gulab Jamun,Dessert,85
ITEM00080,REST0014,Raita,Side,72
ITEM00081,REST0014,Soft Drink,Beverage,75
ITEM00082,REST0014,Veg Biryani,Main Course,243
ITEM00083,REST0014,Chicken Biryani,Main Course,347
ITEM00084,REST0014,Paneer Tikka,Starter,312
ITEM00085,REST0015,Chicken Fried Rice,Main Course,262
ITEM00086,REST0015,Schezwan Noodles,Main Course,260
ITEM00087,REST0015,Chicken Momos,Starter,229
ITEM00088,REST0015,Spring Rolls,Starter,208
ITEM00089,REST0015,Hakka Noodles,Main Course,231
ITEM00090,REST0015,Veg Momos,Starter,197
ITEM00091,REST0016,French Fries,Snack,126
ITEM00092,REST0016,Chocolate Lava Cake,Dessert,189
ITEM00093,REST0016,Mango Shake,Beverage,152
ITEM00094,REST0016,Brownie,Dessert,151
ITEM00095,REST0016,Sandwich,Snack,174
ITEM00096,REST0016,Cold Coffee,Beverage,130
ITEM00097,REST0017,Chicken Curry,Main Course,340
ITEM00098,REST0017,Butter Naan,Bread,61
ITEM00099,REST0017,Dal Makhani,Main Course,244
ITEM00100,REST0017,Gulab Jamun,Dessert,83
ITEM00101,REST0017,Jeera Rice,Main Course,185
ITEM00102,REST0017,Paneer Butter Masala,Main Course,271
ITEM00103,REST0018,Paneer Butter Masala,Main Course,295
ITEM00104,REST0018,Butter Chicken,Main Course,347
ITEM00105,REST0018,Gulab Jamun,Dessert,79
ITEM00106,REST0018,Butter Naan,Bread,58
ITEM00107,REST0018,Jeera Rice,Main Course,188
ITEM00108,REST0018,Shahi Paneer,Main Course,282
ITEM00109,REST0019,Chocolate Shake,Beverage,171
ITEM00110,REST0019,Veg Burger,Burger,174
ITEM00111,REST0019,Brownie,Dessert,136
ITEM00112,REST0019,Chicken Burger,Burger,211
ITEM00113,REST0019,Cold Drink,Beverage,61
ITEM00114,REST0019,Cheese Fries,Side,185
ITEM00115,REST0020,Chicken Fried Rice,Main Course,256
ITEM00116,REST0020,Schezwan Noodles,Main Course,231
ITEM00117,REST0020,Spring Rolls,Starter,178
ITEM00118,REST0020,Hakka Noodles,Main Course,234
ITEM00119,REST0020,Chicken Momos,Starter,207
ITEM00120,REST0020,Manchurian,Starter,211
ITEM00121,REST0021,Dabeli,Snack,60
ITEM00122,REST0021,Samosa,Snack,53
ITEM00123,REST0021,Tea,Beverage,49
ITEM00124,REST0021,Pav Bhaji,Main Course,177
ITEM00125,REST0021,Kulfi,Dessert,64
ITEM00126,REST0021,Misal Pav,Main Course,137
ITEM00127,REST0022,Margherita Pizza,Pizza,353
ITEM00128,REST0022,Pasta Arrabbiata,Main Course,310
ITEM00129,REST0022,Tiramisu,Dessert,268
ITEM00130,REST0022,Minestrone Soup,Starter,227
ITEM00131,REST0022,Garlic Bread,Side,180
ITEM00132,REST0022,Cold Coffee,Beverage,145
ITEM00133,REST0023,Pasta Alfredo,Main Course,318
ITEM00134,REST0023,Tiramisu,Dessert,239
ITEM00135,REST0023,Caesar Salad,Starter,250
ITEM00136,REST0023,Minestrone Soup,Starter,215
ITEM00137,REST0023,Pasta Arrabbiata,Main Course,293
ITEM00138,REST0023,Margherita Pizza,Pizza,370
ITEM00139,REST0024,Cold Drink,Beverage,45
ITEM00140,REST0024,Brownie,Dessert,150
ITEM00141,REST0024,Chicken Burger,Burger,239
ITEM00142,REST0024,Ice Cream,Dessert,104
ITEM00143,REST0024,Cheese Fries,Side,160
ITEM00144,REST0024,Veg Burger,Burger,192
ITEM00145,REST0025,Soft Drink,Beverage,73
ITEM00146,REST0025,Lassi,Beverage,99
ITEM00147,REST0025,Gulab Jamun,Dessert,81
ITEM00148,REST0025,Paneer Tikka,Starter,310
ITEM00149,REST0025,Raita,Side,63
ITEM00150,REST0025,Chicken Biryani,Main Course,353
ITEM00151,REST0026,Soft Drink,Beverage,65
ITEM00152,REST0026,Mexican Rice,Main Course,260
ITEM00153,REST0026,Burrito,Main Course,297
ITEM00154,REST0026,Churros,Dessert,142
ITEM00155,REST0026,Nachos,Starter,173
ITEM00156,REST0026,Quesadilla,Main Course,284
ITEM00157,REST0027,Medu Vada,Breakfast,87
ITEM00158,REST0027,Kesari Bath,Dessert,104
ITEM00159,REST0027,Plain Dosa,Main Course,136
ITEM00160,REST0027,Curd Rice,Main Course,130
ITEM00161,REST0027,Filter Coffee,Beverage,73
ITEM00162,REST0027,Uttapam,Main Course,156
ITEM00163,REST0028,Chicken Biryani,Main Course,342
ITEM00164,REST0028,Lassi,Beverage,84
ITEM00165,REST0028,Veg Biryani,Main Course,277
ITEM00166,REST0028,Raita,Side,42
ITEM00167,REST0028,Chicken Kebab,Starter,269
ITEM00168,REST0028,Paneer Tikka,Starter,322
ITEM00169,REST0029,Chicken Momos,Starter,223
ITEM00170,REST0029,Chicken Fried Rice,Main Course,281
ITEM00171,REST0029,Spring Rolls,Starter,190
ITEM00172,REST0029,Manchurian,Starter,207
ITEM00173,REST0029,Veg Momos,Starter,184
ITEM00174,REST0029,Schezwan Noodles,Main Course,231
ITEM00175,REST0030,Butter Chicken,Main Course,345
ITEM00176,REST0030,Chicken Curry,Main Course,328
ITEM00177,REST0030,Dal Makhani,Main Course,252
ITEM00178,REST0030,Gulab Jamun,Dessert,102
ITEM00179,REST0030,Paneer Butter Masala,Main Course,294
ITEM00180,REST0030,Butter Naan,Bread,45
ITEM00181,REST0031,Cold Drink,Beverage,42
ITEM00182,REST0031,Chicken Burger,Burger,234
ITEM00183,REST0031,Veg Burger,Burger,172
ITEM00184,REST0031,Chocolate Shake,Beverage,181
ITEM00185,REST0031,Ice Cream,Dessert,112
ITEM00186,REST0031,Brownie,Dessert,141
ITEM00187,REST0032,Shahi Paneer,Main Course,308
ITEM00188,REST0032,Butter Chicken,Main Course,348
ITEM00189,REST0032,Butter Naan,Bread,74
ITEM00190,REST0032,Jeera Rice,Main Course,176
ITEM00191,REST0032,Dal Makhani,Main Course,220
ITEM00192,REST0032,Gulab Jamun,Dessert,89
ITEM00193,REST0033,Smoothie,Beverage,150
ITEM00194,REST0033,Protein Shake,Beverage,230
ITEM00195,REST0033,Fruit Bowl,Healthy,192
ITEM00196,REST0033,Veg Wrap,Healthy,179
ITEM00197,REST0033,Yogurt Bowl,Healthy,205
ITEM00198,REST0033,Green Juice,Beverage,144
ITEM00199,REST0034,Cheese Fries,Side,183
ITEM00200,REST0034,Chocolate Shake,Beverage,197
ITEM00201,REST0034,Brownie,Dessert,155
ITEM00202,REST0034,Chicken Burger,Burger,229
ITEM00203,REST0034,Ice Cream,Dessert,129
ITEM00204,REST0034,Veg Burger,Burger,181
ITEM00205,REST0035,Caesar Salad,Salad,258
ITEM00206,REST0035,Fruit Bowl,Healthy,188
ITEM00207,REST0035,Yogurt Bowl,Healthy,215
ITEM00208,REST0035,Veg Wrap,Healthy,171
ITEM00209,REST0035,Smoothie,Beverage,173
ITEM00210,REST0035,Greek Salad,Salad,258
ITEM00211,REST0036,Veg Fried Rice,Main Course,222
ITEM00212,REST0036,Manchurian,Starter,211
ITEM00213,REST0036,Chicken Momos,Starter,214
ITEM00214,REST0036,Hakka Noodles,Main Course,236
ITEM00215,REST0036,Chicken Fried Rice,Main Course,277
ITEM00216,REST0036,Spring Rolls,Starter,195
ITEM00217,REST0037,Smoothie,Beverage,159
ITEM00218,REST0037,Fruit Bowl,Healthy,181
ITEM00219,REST0037,Yogurt Bowl,Healthy,216
ITEM00220,REST0037,Greek Salad,Salad,290
ITEM00221,REST0037,Green Juice,Beverage,168
ITEM00222,REST0037,Veg Wrap,Healthy,208
ITEM00223,REST0038,Jeera Rice,Main Course,184
ITEM00224,REST0038,Chicken Curry,Main Course,322
ITEM00225,REST0038,Dal Makhani,Main Course,250
ITEM00226,REST0038,Gulab Jamun,Dessert,76
ITEM00227,REST0038,Paneer Butter Masala,Main Course,281
ITEM00228,REST0038,Butter Chicken,Main Course,376
ITEM00229,REST0039,Gulab Jamun,Dessert,105
ITEM00230,REST0039,Butter Naan,Bread,51
ITEM00231,REST0039,Butter Chicken,Main Course,342
ITEM00232,REST0039,Paneer Butter Masala,Main Course,298
ITEM00233,REST0039,Dal Makhani,Main Course,251
ITEM00234,REST0039,Shahi Paneer,Main Course,271
ITEM00235,REST0040,Butter Chicken,Main Course,354
ITEM00236,REST0040,Dal Makhani,Main Course,238
ITEM00237,REST0040,Paneer Butter Masala,Main Course,293
ITEM00238,REST0040,Chicken Curry,Main Course,314
ITEM00239,REST0040,Gulab Jamun,Dessert,99
ITEM00240,REST0040,Butter Naan,Bread,43
ITEM00241,REST0041,Mexican Rice,Main Course,245
ITEM00242,REST0041,Quesadilla,Main Course,280
ITEM00243,REST0041,Veg Taco,Main Course,207
ITEM00244,REST0041,Chicken Taco,Main Course,248
ITEM00245,REST0041,Nachos,Starter,194
ITEM00246,REST0041,Churros,Dessert,166
ITEM00247,REST0042,Gulab Jamun,Dessert,83
ITEM00248,REST0042,Butter Naan,Bread,59
ITEM00249,REST0042,Paneer Butter Masala,Main Course,287
ITEM00250,REST0042,Chicken Curry,Main Course,340
ITEM00251,REST0042,Dal Makhani,Main Course,230
ITEM00252,REST0042,Jeera Rice,Main Course,198
ITEM00253,REST0043,Cheese Garlic Bread,Side,182
ITEM00254,REST0043,Brownie,Dessert,120
ITEM00255,REST0043,Farmhouse Pizza,Pizza,409
ITEM00256,REST0043,Soft Drink,Beverage,68
ITEM00257,REST0043,Garlic Bread,Side,144
ITEM00258,REST0043,French Fries,Side,145
ITEM00259,REST0044,Chicken Fried Rice,Main Course,279
ITEM00260,REST0044,Veg Momos,Starter,196
ITEM00261,REST0044,Veg Fried Rice,Main Course,202
ITEM00262,REST0044,Spring Rolls,Starter,175
ITEM00263,REST0044,Manchurian,Starter,208
ITEM00264,REST0044,Schezwan Noodles,Main Course,259
ITEM00265,REST0045,Chicken Momos,Starter,211
ITEM00266,REST0045,Manchurian,Starter,216
ITEM00267,REST0045,Spring Rolls,Starter,185
ITEM00268,REST0045,Veg Fried Rice,Main Course,211
ITEM00269,REST0045,Chicken Fried Rice,Main Course,289
ITEM00270,REST0045,Veg Momos,Starter,187
ITEM00271,REST0046,Ice Cream,Dessert,102
ITEM00272,REST0046,Cheese Fries,Side,165
ITEM00273,REST0046,Chocolate Shake,Beverage,170
ITEM00274,REST0046,Chicken Burger,Burger,217
ITEM00275,REST0046,Veg Burger,Burger,200
ITEM00276,REST0046,Cold Drink,Beverage,74
ITEM00277,REST0047,Shahi Paneer,Main Course,305
ITEM00278,REST0047,Butter Naan,Bread,47
ITEM00279,REST0047,Paneer Butter Masala,Main Course,283
ITEM00280,REST0047,Dal Makhani,Main Course,224
ITEM00281,REST0047,Chicken Curry,Main Course,316
ITEM00282,REST0047,Gulab Jamun,Dessert,102
ITEM00283,REST0048,Gulab Jamun,Dessert,102
ITEM00284,REST0048,Chicken Kebab,Starter,242
ITEM00285,REST0048,Soft Drink,Beverage,69
ITEM00286,REST0048,Chicken Biryani,Main Course,321
ITEM00287,REST0048,Raita,Side,44
ITEM00288,REST0048,Veg Biryani,Main Course,280
ITEM00289,REST0049,Brownie,Dessert,122
ITEM00290,REST0049,Garlic Bread,Side,140
ITEM00291,REST0049,Pepperoni Pizza,Pizza,476
ITEM00292,REST0049,Soft Drink,Beverage,47
ITEM00293,REST0049,Farmhouse Pizza,Pizza,408
ITEM00294,REST0049,Cheese Garlic Bread,Side,190
ITEM00295,REST0050,Soft Drink,Beverage,55
ITEM00296,REST0050,Gulab Jamun,Dessert,98
ITEM00297,REST0050,Cold Coffee,Beverage,138
ITEM00298,REST0050,Brownie,Dessert,150
ITEM00299,REST0050,Chocolate Shake,Beverage,177
ITEM00300,REST0050,Chocolate Lava Cake,Dessert,170
ITEM00301,REST0051,Veg Fried Rice,Main Course,218
ITEM00302,REST0051,Spring Rolls,Starter,177
ITEM00303,REST0051,Hakka Noodles,Main Course,244
ITEM00304,REST0051,Veg Momos,Starter,185
ITEM00305,REST0051,Chicken Momos,Starter,210
ITEM00306,REST0051,Chicken Fried Rice,Main Course,254
ITEM00307,REST0052,Greek Salad,Salad,261
ITEM00308,REST0052,Green Juice,Beverage,143
ITEM00309,REST0052,Fruit Bowl,Healthy,162
ITEM00310,REST0052,Caesar Salad,Salad,264
ITEM00311,REST0052,Veg Wrap,Healthy,183
ITEM00312,REST0052,Smoothie,Beverage,178
ITEM00313,REST0053,Margherita Pizza,Pizza,349
ITEM00314,REST0053,Soft Drink,Beverage,68
ITEM00315,REST0053,French Fries,Side,123
ITEM00316,REST0053,Cheese Garlic Bread,Side,208
ITEM00317,REST0053,Brownie,Dessert,120
ITEM00318,REST0053,Farmhouse Pizza,Pizza,403
ITEM00319,REST0054,Protein Shake,Beverage,212
ITEM00320,REST0054,Yogurt Bowl,Healthy,185
ITEM00321,REST0054,Caesar Salad,Salad,231
ITEM00322,REST0054,Green Juice,Beverage,156
ITEM00323,REST0054,Fruit Bowl,Healthy,161
ITEM00324,REST0054,Greek Salad,Salad,250
ITEM00325,REST0055,Butter Naan,Bread,50
ITEM00326,REST0055,Jeera Rice,Main Course,170
ITEM00327,REST0055,Dal Makhani,Main Course,222
ITEM00328,REST0055,Paneer Butter Masala,Main Course,286
ITEM00329,REST0055,Gulab Jamun,Dessert,102
ITEM00330,REST0055,Shahi Paneer,Main Course,276
ITEM00331,REST0056,Gulab Jamun,Dessert,95
ITEM00332,REST0056,Raita,Side,67
ITEM00333,REST0056,Paneer Tikka,Starter,297
ITEM00334,REST0056,Chicken Biryani,Main Course,334
ITEM00335,REST0056,Lassi,Beverage,83
ITEM00336,REST0056,Soft Drink,Beverage,46
ITEM00337,REST0057,French Fries,Snack,140
ITEM00338,REST0057,Mango Shake,Beverage,150
ITEM00339,REST0057,Chocolate Shake,Beverage,184
ITEM00340,REST0057,Cold Coffee,Beverage,143
ITEM00341,REST0057,Brownie,Dessert,149
ITEM00342,REST0057,Garlic Bread,Snack,154
ITEM00343,REST0058,Dal Makhani,Main Course,224
ITEM00344,REST0058,Butter Naan,Bread,53
ITEM00345,REST0058,Butter Chicken,Main Course,366
ITEM00346,REST0058,Shahi Paneer,Main Course,289
ITEM00347,REST0058,Jeera Rice,Main Course,198
ITEM00348,REST0058,Paneer Butter Masala,Main Course,291
ITEM00349,REST0059,Farmhouse Pizza,Pizza,406
ITEM00350,REST0059,French Fries,Side,158
ITEM00351,REST0059,Cheese Garlic Bread,Side,190
ITEM00352,REST0059,Soft Drink,Beverage,80
ITEM00353,REST0059,Brownie,Dessert,144
ITEM00354,REST0059,Garlic Bread,Side,148
ITEM00355,REST0060,Gulab Jamun,Dessert,91
ITEM00356,REST0060,Chicken Biryani,Main Course,321
ITEM00357,REST0060,Lassi,Beverage,108
ITEM00358,REST0060,Raita,Side,77
ITEM00359,REST0060,Chicken Kebab,Starter,268
ITEM00360,REST0060,Veg Biryani,Main Course,264
ITEM00361,REST0061,Garlic Bread,Side,179
ITEM00362,REST0061,Cheese Garlic Bread,Side,177
ITEM00363,REST0061,Soft Drink,Beverage,59
ITEM00364,REST0061,Margherita Pizza,Pizza,345
ITEM00365,REST0061,Farmhouse Pizza,Pizza,427
ITEM00366,REST0061,French Fries,Side,135
ITEM00367,REST0062,Dal Makhani,Main Course,232
ITEM00368,REST0062,Paneer Butter Masala,Main Course,269
ITEM00369,REST0062,Gulab Jamun,Dessert,94
ITEM00370,REST0062,Butter Chicken,Main Course,353
ITEM00371,REST0062,Chicken Curry,Main Course,312
ITEM00372,REST0062,Butter Naan,Bread,55
ITEM00373,REST0063,Lassi,Beverage,72
ITEM00374,REST0063,Gulab Jamun,Dessert,103
ITEM00375,REST0063,Raita,Side,66
ITEM00376,REST0063,Chicken Biryani,Main Course,338
ITEM00377,REST0063,Soft Drink,Beverage,41
ITEM00378,REST0063,Paneer Tikka,Starter,304
ITEM00379,REST0064,Butter Naan,Bread,55
ITEM00380,REST0064,Butter Chicken,Main Course,354
ITEM00381,REST0064,Dal Makhani,Main Course,258
ITEM00382,REST0064,Gulab Jamun,Dessert,94
ITEM00383,REST0064,Paneer Butter Masala,Main Course,293
ITEM00384,REST0064,Jeera Rice,Main Course,180
ITEM00385,REST0065,Mango Shake,Beverage,154
ITEM00386,REST0065,Brownie,Dessert,132
ITEM00387,REST0065,French Fries,Snack,123
ITEM00388,REST0065,Cold Coffee,Beverage,170
ITEM00389,REST0065,Chocolate Lava Cake,Dessert,169
ITEM00390,REST0065,Chocolate Shake,Beverage,173
ITEM00391,REST0066,Butter Chicken,Main Course,372
ITEM00392,REST0066,Paneer Butter Masala,Main Course,265
ITEM00393,REST0066,Dal Makhani,Main Course,247
ITEM00394,REST0066,Shahi Paneer,Main Course,299
ITEM00395,REST0066,Butter Naan,Bread,59
ITEM00396,REST0066,Jeera Rice,Main Course,170
ITEM00397,REST0067,Chicken Curry,Main Course,328
ITEM00398,REST0067,Dal Makhani,Main Course,256
ITEM00399,REST0067,Gulab Jamun,Dessert,98
ITEM00400,REST0067,Jeera Rice,Main Course,200
ITEM00401,REST0067,Shahi Paneer,Main Course,282
ITEM00402,REST0067,Butter Naan,Bread,57
ITEM00403,REST0068,Kesari Bath,Dessert,110
ITEM00404,REST0068,Masala Dosa,Main Course,158
ITEM00405,REST0068,Idli,Breakfast,97
ITEM00406,REST0068,Medu Vada,Breakfast,92
ITEM00407,REST0068,Uttapam,Main Course,179
ITEM00408,REST0068,Curd Rice,Main Course,147
ITEM00409,REST0069,French Fries,Side,125
ITEM00410,REST0069,Brownie,Dessert,139
ITEM00411,REST0069,Cheese Fries,Side,188
ITEM00412,REST0069,Veg Burger,Burger,194
ITEM00413,REST0069,Chocolate Shake,Beverage,169
ITEM00414,REST0069,Chicken Burger,Burger,235
ITEM00415,REST0070,Fruit Bowl,Healthy,178
ITEM00416,REST0070,Yogurt Bowl,Healthy,204
ITEM00417,REST0070,Veg Wrap,Healthy,205
ITEM00418,REST0070,Green Juice,Beverage,168
ITEM00419,REST0070,Protein Shake,Beverage,230
ITEM00420,REST0070,Caesar Salad,Salad,234
ITEM00421,REST0071,Butter Naan,Bread,52
ITEM00422,REST0071,Dal Makhani,Main Course,220
ITEM00423,REST0071,Gulab Jamun,Dessert,70
ITEM00424,REST0071,Chicken Curry,Main Course,342
ITEM00425,REST0071,Jeera Rice,Main Course,183
ITEM00426,REST0071,Paneer Butter Masala,Main Course,291
ITEM00427,REST0072,Jeera Rice,Main Course,179
ITEM00428,REST0072,Chicken Curry,Main Course,347
ITEM00429,REST0072,Gulab Jamun,Dessert,74
ITEM00430,REST0072,Butter Chicken,Main Course,366
ITEM00431,REST0072,Butter Naan,Bread,42
ITEM00432,REST0072,Dal Makhani,Main Course,227
ITEM00433,REST0073,Spring Rolls,Starter,192
ITEM00434,REST0073,Veg Momos,Starter,192
ITEM00435,REST0073,Schezwan Noodles,Main Course,261
ITEM00436,REST0073,Chicken Momos,Starter,240
ITEM00437,REST0073,Chicken Fried Rice,Main Course,273
ITEM00438,REST0073,Manchurian,Starter,193
ITEM00439,REST0074,Garlic Bread,Snack,142
ITEM00440,REST0074,Brownie,Dessert,143
ITEM00441,REST0074,French Fries,Snack,160
ITEM00442,REST0074,Chocolate Shake,Beverage,161
ITEM00443,REST0074,Chocolate Lava Cake,Dessert,169
ITEM00444,REST0074,Sandwich,Snack,176
ITEM00445,REST0075,Soft Drink,Beverage,77
ITEM00446,REST0075,Mexican Rice,Main Course,230
ITEM00447,REST0075,Chicken Taco,Main Course,240
ITEM00448,REST0075,Nachos,Starter,167
ITEM00449,REST0075,Churros,Dessert,145
ITEM00450,REST0075,Quesadilla,Main Course,294
ITEM00451,REST0076,Spring Rolls,Starter,180
ITEM00452,REST0076,Chicken Momos,Starter,227
ITEM00453,REST0076,Veg Momos,Starter,176
ITEM00454,REST0076,Hakka Noodles,Main Course,229
ITEM00455,REST0076,Schezwan Noodles,Main Course,262
ITEM00456,REST0076,Chicken Fried Rice,Main Course,284
ITEM00457,REST0077,Soft Drink,Beverage,80
ITEM00458,REST0077,Cheese Garlic Bread,Side,206
ITEM00459,REST0077,Pepperoni Pizza,Pizza,482
ITEM00460,REST0077,Garlic Bread,Side,149
ITEM00461,REST0077,Margherita Pizza,Pizza,347
ITEM00462,REST0077,Brownie,Dessert,133
ITEM00463,REST0078,Curd Rice,Main Course,120
ITEM00464,REST0078,Filter Coffee,Beverage,56
ITEM00465,REST0078,Idli,Breakfast,74
ITEM00466,REST0078,Masala Dosa,Main Course,156
ITEM00467,REST0078,Plain Dosa,Main Course,133
ITEM00468,REST0078,Medu Vada,Breakfast,86
ITEM00469,REST0079,Caesar Salad,Starter,241
ITEM00470,REST0079,Minestrone Soup,Starter,208
ITEM00471,REST0079,Garlic Bread,Side,152
ITEM00472,REST0079,Pasta Arrabbiata,Main Course,321
ITEM00473,REST0079,Cold Coffee,Beverage,141
ITEM00474,REST0079,Tiramisu,Dessert,262
ITEM00475,REST0080,Schezwan Noodles,Main Course,233
ITEM00476,REST0080,Chicken Fried Rice,Main Course,261
ITEM00477,REST0080,Veg Momos,Starter,172
ITEM00478,REST0080,Manchurian,Starter,206
ITEM00479,REST0080,Chicken Momos,Starter,226
ITEM00480,REST0080,Hakka Noodles,Main Course,238
ITEM00481,REST0081,Chicken Biryani,Main Course,325
ITEM00482,REST0081,Soft Drink,Beverage,64
ITEM00483,REST0081,Gulab Jamun,Dessert,77
ITEM00484,REST0081,Lassi,Beverage,87
ITEM00485,REST0081,Veg Biryani,Main Course,244
ITEM00486,REST0081,Paneer Tikka,Starter,311
ITEM00487,REST0082,Vada Pav,Snack,46
ITEM00488,REST0082,Misal Pav,Main Course,130
ITEM00489,REST0082,Pav Bhaji,Main Course,153
ITEM00490,REST0082,Dabeli,Snack,67
ITEM00491,REST0082,Kulfi,Dessert,60
ITEM00492,REST0082,Samosa,Snack,57
ITEM00493,REST0083,Veg Biryani,Main Course,278
ITEM00494,REST0083,Lassi,Beverage,103
ITEM00495,REST0083,Chicken Biryani,Main Course,337
ITEM00496,REST0083,Paneer Tikka,Starter,321
ITEM00497,REST0083,Soft Drink,Beverage,70
ITEM00498,REST0083,Gulab Jamun,Dessert,91
ITEM00499,REST0084,Tiramisu,Dessert,253
ITEM00500,REST0084,Margherita Pizza,Pizza,355
ITEM00501,REST0084,Cold Coffee,Beverage,154
ITEM00502,REST0084,Minestrone Soup,Starter,239
ITEM00503,REST0084,Caesar Salad,Starter,233
ITEM00504,REST0084,Pasta Alfredo,Main Course,322
ITEM00505,REST0085,Mexican Rice,Main Course,245
ITEM00506,REST0085,Churros,Dessert,148
ITEM00507,REST0085,Veg Taco,Main Course,201
ITEM00508,REST0085,Soft Drink,Beverage,78
ITEM00509,REST0085,Burrito,Main Course,267
ITEM00510,REST0085,Nachos,Starter,193
ITEM00511,REST0086,Shahi Paneer,Main Course,300
ITEM00512,REST0086,Butter Naan,Bread,72
ITEM00513,REST0086,Dal Makhani,Main Course,246
ITEM00514,REST0086,Butter Chicken,Main Course,352
ITEM00515,REST0086,Chicken Curry,Main Course,310
ITEM00516,REST0086,Gulab Jamun,Dessert,110
ITEM00517,REST0087,Gulab Jamun,Dessert,90
ITEM00518,REST0087,Veg Biryani,Main Course,268
ITEM00519,REST0087,Lassi,Beverage,84
ITEM00520,REST0087,Raita,Side,78
ITEM00521,REST0087,Soft Drink,Beverage,71
ITEM00522,REST0087,Paneer Tikka,Starter,315
ITEM00523,REST0088,Farmhouse Pizza,Pizza,424
ITEM00524,REST0088,Pepperoni Pizza,Pizza,478
ITEM00525,REST0088,Garlic Bread,Side,178
ITEM00526,REST0088,French Fries,Side,132
ITEM00527,REST0088,Margherita Pizza,Pizza,339
ITEM00528,REST0088,Soft Drink,Beverage,73
ITEM00529,REST0089,Brownie,Dessert,155
ITEM00530,REST0089,Ice Cream,Dessert,129
ITEM00531,REST0089,Gulab Jamun,Dessert,80
ITEM00532,REST0089,Soft Drink,Beverage,68
ITEM00533,REST0089,Chocolate Lava Cake,Dessert,167
ITEM00534,REST0089,Mango Shake,Beverage,180
ITEM00535,REST0090,Medu Vada,Breakfast,87
ITEM00536,REST0090,Plain Dosa,Main Course,101
ITEM00537,REST0090,Curd Rice,Main Course,130
ITEM00538,REST0090,Filter Coffee,Beverage,70
ITEM00539,REST0090,Masala Dosa,Main Course,154
ITEM00540,REST0090,Kesari Bath,Dessert,97
ITEM00541,REST0091,Chicken Kebab,Starter,248
ITEM00542,REST0091,Gulab Jamun,Dessert,104
ITEM00543,REST0091,Raita,Side,80
ITEM00544,REST0091,Lassi,Beverage,101
ITEM00545,REST0091,Veg Biryani,Main Course,245
ITEM00546,REST0091,Soft Drink,Beverage,61
ITEM00547,REST0092,Cheese Fries,Side,174
ITEM00548,REST0092,Cold Drink,Beverage,75
ITEM00549,REST0092,Brownie,Dessert,147
ITEM00550,REST0092,Veg Burger,Burger,174
ITEM00551,REST0092,French Fries,Side,134
ITEM00552,REST0092,Chicken Burger,Burger,216
ITEM00553,REST0093,Plain Dosa,Main Course,137
ITEM00554,REST0093,Idli,Breakfast,82
ITEM00555,REST0093,Masala Dosa,Main Course,137
ITEM00556,REST0093,Filter Coffee,Beverage,86
ITEM00557,REST0093,Uttapam,Main Course,163
ITEM00558,REST0093,Kesari Bath,Dessert,88
ITEM00559,REST0094,Chocolate Shake,Beverage,197
ITEM00560,REST0094,Cheese Fries,Side,184
ITEM00561,REST0094,Cold Drink,Beverage,52
ITEM00562,REST0094,Veg Burger,Burger,184
ITEM00563,REST0094,French Fries,Side,147
ITEM00564,REST0094,Ice Cream,Dessert,120
ITEM00565,REST0095,Lemon Soda,Beverage,85
ITEM00566,REST0095,Kulfi,Dessert,60
ITEM00567,REST0095,Tea,Beverage,44
ITEM00568,REST0095,Pav Bhaji,Main Course,179
ITEM00569,REST0095,Misal Pav,Main Course,150
ITEM00570,REST0095,Vada Pav,Snack,49
ITEM00571,REST0096,Chocolate Shake,Beverage,198
ITEM00572,REST0096,Cold Coffee,Beverage,148
ITEM00573,REST0096,Ice Cream,Dessert,109
ITEM00574,REST0096,Gulab Jamun,Dessert,72
ITEM00575,REST0096,Soft Drink,Beverage,78
ITEM00576,REST0096,Brownie,Dessert,140
ITEM00577,REST0097,Paneer Tikka,Starter,326
ITEM00578,REST0097,Lassi,Beverage,100
ITEM00579,REST0097,Gulab Jamun,Dessert,110
ITEM00580,REST0097,Veg Biryani,Main Course,253
ITEM00581,REST0097,Raita,Side,71
ITEM00582,REST0097,Chicken Kebab,Starter,258
ITEM00583,REST0098,Jeera Rice,Main Course,174
ITEM00584,REST0098,Paneer Butter Masala,Main Course,263
ITEM00585,REST0098,Butter Chicken,Main Course,351
ITEM00586,REST0098,Dal Makhani,Main Course,251
ITEM00587,REST0098,Shahi Paneer,Main Course,295
ITEM00588,REST0098,Butter Naan,Bread,59
ITEM00589,REST0099,Chocolate Lava Cake,Dessert,190
ITEM00590,REST0099,Brownie,Dessert,142
ITEM00591,REST0099,Chocolate Shake,Beverage,185
ITEM00592,REST0099,Gulab Jamun,Dessert,95
ITEM00593,REST0099,Soft Drink,Beverage,44
ITEM00594,REST0099,Ice Cream,Dessert,133
ITEM00595,REST0100,Cold Drink,Beverage,48
ITEM00596,REST0100,French Fries,Side,140
ITEM00597,REST0100,Chocolate Shake,Beverage,197
ITEM00598,REST0100,Chicken Burger,Burger,203
ITEM00599,REST0100,Cheese Fries,Side,169
ITEM00600,REST0100,Veg Burger,Burger,189
ITEM00601,REST0101,Veg Fried Rice,Main Course,209
ITEM00602,REST0101,Veg Momos,Starter,173
ITEM00603,REST0101,Schezwan Noodles,Main Course,243
ITEM00604,REST0101,Chicken Fried Rice,Main Course,262
ITEM00605,REST0101,Spring Rolls,Starter,170
ITEM00606,REST0101,Chicken Momos,Starter,223
ITEM00607,REST0102,Plain Dosa,Main Course,110
ITEM00608,REST0102,Filter Coffee,Beverage,53
ITEM00609,REST0102,Kesari Bath,Dessert,86
ITEM00610,REST0102,Medu Vada,Breakfast,82
ITEM00611,REST0102,Uttapam,Main Course,170
ITEM00612,REST0102,Idli,Breakfast,81
ITEM00613,REST0103,Paneer Butter Masala,Main Course,300
ITEM00614,REST0103,Gulab Jamun,Dessert,95
ITEM00615,REST0103,Shahi Paneer,Main Course,285
ITEM00616,REST0103,Butter Chicken,Main Course,342
ITEM00617,REST0103,Chicken Curry,Main Course,317
ITEM00618,REST0103,Jeera Rice,Main Course,175
ITEM00619,REST0104,Jeera Rice,Main Course,184
ITEM00620,REST0104,Chicken Curry,Main Course,315
ITEM00621,REST0104,Butter Chicken,Main Course,369
ITEM00622,REST0104,Shahi Paneer,Main Course,294
ITEM00623,REST0104,Dal Makhani,Main Course,237
ITEM00624,REST0104,Butter Naan,Bread,80
ITEM00625,REST0105,Lassi,Beverage,77
ITEM00626,REST0105,Raita,Side,71
ITEM00627,REST0105,Veg Biryani,Main Course,272
ITEM00628,REST0105,Gulab Jamun,Dessert,84
ITEM00629,REST0105,Paneer Tikka,Starter,291
ITEM00630,REST0105,Chicken Kebab,Starter,277
ITEM00631,REST0106,Kesari Bath,Dessert,110
ITEM00632,REST0106,Idli,Breakfast,97
ITEM00633,REST0106,Filter Coffee,Beverage,69
ITEM00634,REST0106,Masala Dosa,Main Course,166
ITEM00635,REST0106,Plain Dosa,Main Course,108
ITEM00636,REST0106,Medu Vada,Breakfast,66
ITEM00637,REST0107,Butter Naan,Bread,41
ITEM00638,REST0107,Paneer Butter Masala,Main Course,285
ITEM00639,REST0107,Gulab Jamun,Dessert,105
ITEM00640,REST0107,Shahi Paneer,Main Course,304
ITEM00641,REST0107,Dal Makhani,Main Course,253
ITEM00642,REST0107,Chicken Curry,Main Course,341
ITEM00643,REST0108,Pasta Arrabbiata,Main Course,297
ITEM00644,REST0108,Caesar Salad,Starter,241
ITEM00645,REST0108,Tiramisu,Dessert,268
ITEM00646,REST0108,Minestrone Soup,Starter,211
ITEM00647,REST0108,Pasta Alfredo,Main Course,300
ITEM00648,REST0108,Garlic Bread,Side,175
ITEM00649,REST0109,Soft Drink,Beverage,76
ITEM00650,REST0109,Churros,Dessert,153
ITEM00651,REST0109,Nachos,Starter,170
ITEM00652,REST0109,Veg Taco,Main Course,205
ITEM00653,REST0109,Quesadilla,Main Course,305
ITEM00654,REST0109,Burrito,Main Course,276
ITEM00655,REST0110,Paneer Butter Masala,Main Course,294
ITEM00656,REST0110,Gulab Jamun,Dessert,80
ITEM00657,REST0110,Jeera Rice,Main Course,187
ITEM00658,REST0110,Shahi Paneer,Main Course,270
ITEM00659,REST0110,Butter Chicken,Main Course,355
ITEM00660,REST0110,Dal Makhani,Main Course,239
ITEM00661,REST0111,Paneer Butter Masala,Main Course,296
ITEM00662,REST0111,Shahi Paneer,Main Course,301
ITEM00663,REST0111,Butter Chicken,Main Course,360
ITEM00664,REST0111,Jeera Rice,Main Course,193
ITEM00665,REST0111,Chicken Curry,Main Course,332
ITEM00666,REST0111,Gulab Jamun,Dessert,108
ITEM00667,REST0112,Medu Vada,Breakfast,72
ITEM00668,REST0112,Filter Coffee,Beverage,59
ITEM00669,REST0112,Masala Dosa,Main Course,149
ITEM00670,REST0112,Curd Rice,Main Course,133
ITEM00671,REST0112,Plain Dosa,Main Course,108
ITEM00672,REST0112,Uttapam,Main Course,178
ITEM00673,REST0113,Cheese Fries,Side,189
ITEM00674,REST0113,Cold Drink,Beverage,67
ITEM00675,REST0113,French Fries,Side,124
ITEM00676,REST0113,Chocolate Shake,Beverage,195
ITEM00677,REST0113,Chicken Burger,Burger,216
ITEM00678,REST0113,Brownie,Dessert,136
ITEM00679,REST0114,Jeera Rice,Main Course,176
ITEM00680,REST0114,Butter Naan,Bread,67
ITEM00681,REST0114,Dal Makhani,Main Course,229
ITEM00682,REST0114,Chicken Curry,Main Course,344
ITEM00683,REST0114,Shahi Paneer,Main Course,283
ITEM00684,REST0114,Paneer Butter Masala,Main Course,264
ITEM00685,REST0115,Cheese Garlic Bread,Side,202
ITEM00686,REST0115,French Fries,Side,158
ITEM00687,REST0115,Soft Drink,Beverage,50
ITEM00688,REST0115,Farmhouse Pizza,Pizza,426
ITEM00689,REST0115,Pepperoni Pizza,Pizza,469
ITEM00690,REST0115,Garlic Bread,Side,160
ITEM00691,REST0116,Jeera Rice,Main Course,177
ITEM00692,REST0116,Chicken Curry,Main Course,317
ITEM00693,REST0116,Paneer Butter Masala,Main Course,294
ITEM00694,REST0116,Shahi Paneer,Main Course,277
ITEM00695,REST0116,Dal Makhani,Main Course,255
ITEM00696,REST0116,Butter Naan,Bread,66
ITEM00697,REST0117,Plain Dosa,Main Course,117
ITEM00698,REST0117,Idli,Breakfast,79
ITEM00699,REST0117,Filter Coffee,Beverage,64
ITEM00700,REST0117,Masala Dosa,Main Course,147
ITEM00701,REST0117,Curd Rice,Main Course,120
ITEM00702,REST0117,Kesari Bath,Dessert,86
ITEM00703,REST0118,Tiramisu,Dessert,263
ITEM00704,REST0118,Pasta Arrabbiata,Main Course,309
ITEM00705,REST0118,Garlic Bread,Side,177
ITEM00706,REST0118,Pasta Alfredo,Main Course,331
ITEM00707,REST0118,Caesar Salad,Starter,236
ITEM00708,REST0118,Minestrone Soup,Starter,233
ITEM00709,REST0119,Butter Naan,Bread,46
ITEM00710,REST0119,Gulab Jamun,Dessert,73
ITEM00711,REST0119,Shahi Paneer,Main Course,280
ITEM00712,REST0119,Butter Chicken,Main Course,360
ITEM00713,REST0119,Jeera Rice,Main Course,184
ITEM00714,REST0119,Chicken Curry,Main Course,321
ITEM00715,REST0120,Butter Naan,Bread,77
ITEM00716,REST0120,Jeera Rice,Main Course,168
ITEM00717,REST0120,Gulab Jamun,Dessert,86
ITEM00718,REST0120,Shahi Paneer,Main Course,270
ITEM00719,REST0120,Chicken Curry,Main Course,342
ITEM00720,REST0120,Dal Makhani,Main Course,229
ITEM00721,REST0121,Veg Fried Rice,Main Course,240
ITEM00722,REST0121,Schezwan Noodles,Main Course,253
ITEM00723,REST0121,Chicken Fried Rice,Main Course,265
ITEM00724,REST0121,Veg Momos,Starter,198
ITEM00725,REST0121,Manchurian,Starter,216
ITEM00726,REST0121,Hakka Noodles,Main Course,239
ITEM00727,REST0122,Veg Fried Rice,Main Course,227
ITEM00728,REST0122,Chicken Fried Rice,Main Course,283
ITEM00729,REST0122,Manchurian,Starter,204
ITEM00730,REST0122,Spring Rolls,Starter,189
ITEM00731,REST0122,Chicken Momos,Starter,240
ITEM00732,REST0122,Schezwan Noodles,Main Course,235
ITEM00733,REST0123,Paneer Tikka,Starter,305
ITEM00734,REST0123,Chicken Kebab,Starter,245
ITEM00735,REST0123,Raita,Side,50
ITEM00736,REST0123,Veg Biryani,Main Course,276
ITEM00737,REST0123,Lassi,Beverage,73
ITEM00738,REST0123,Soft Drink,Beverage,45
ITEM00739,REST0124,Shahi Paneer,Main Course,302
ITEM00740,REST0124,Gulab Jamun,Dessert,78
ITEM00741,REST0124,Chicken Curry,Main Course,340
ITEM00742,REST0124,Paneer Butter Masala,Main Course,291
ITEM00743,REST0124,Butter Naan,Bread,72
ITEM00744,REST0124,Butter Chicken,Main Course,374
ITEM00745,REST0125,Chocolate Shake,Beverage,160
ITEM00746,REST0125,Brownie,Dessert,147
ITEM00747,REST0125,Cold Coffee,Beverage,164
ITEM00748,REST0125,Chocolate Lava Cake,Dessert,182
ITEM00749,REST0125,Sandwich,Snack,175
ITEM00750,REST0125,Mango Shake,Beverage,183
ITEM00751,REST0126,Cold Coffee,Beverage,134
ITEM00752,REST0126,Chocolate Lava Cake,Dessert,183
ITEM00753,REST0126,Brownie,Dessert,128
ITEM00754,REST0126,Chocolate Shake,Beverage,192
ITEM00755,REST0126,Garlic Bread,Snack,162
ITEM00756,REST0126,Sandwich,Snack,163
ITEM00757,REST0127,Soft Drink,Beverage,61
ITEM00758,REST0127,Chicken Kebab,Starter,255
ITEM00759,REST0127,Lassi,Beverage,104
ITEM00760,REST0127,Chicken Biryani,Main Course,327
ITEM00761,REST0127,Raita,Side,58
ITEM00762,REST0127,Veg Biryani,Main Course,259
ITEM00763,REST0128,Manchurian,Starter,230
ITEM00764,REST0128,Veg Fried Rice,Main Course,236
ITEM00765,REST0128,Spring Rolls,Starter,195
ITEM00766,REST0128,Schezwan Noodles,Main Course,243
ITEM00767,REST0128,Hakka Noodles,Main Course,229
ITEM00768,REST0128,Chicken Momos,Starter,232
ITEM00769,REST0129,Cold Coffee,Beverage,130
ITEM00770,REST0129,Brownie,Dessert,159
ITEM00771,REST0129,Chocolate Lava Cake,Dessert,189
ITEM00772,REST0129,Garlic Bread,Snack,161
ITEM00773,REST0129,Sandwich,Snack,179
ITEM00774,REST0129,Chocolate Shake,Beverage,182
ITEM00775,REST0130,Plain Dosa,Main Course,100
ITEM00776,REST0130,Masala Dosa,Main Course,136
ITEM00777,REST0130,Idli,Breakfast,97
ITEM00778,REST0130,Kesari Bath,Dessert,111
ITEM00779,REST0130,Medu Vada,Breakfast,72
ITEM00780,REST0130,Uttapam,Main Course,145
ITEM00781,REST0131,Butter Chicken,Main Course,356
ITEM00782,REST0131,Chicken Curry,Main Course,324
ITEM00783,REST0131,Paneer Butter Masala,Main Course,290
ITEM00784,REST0131,Jeera Rice,Main Course,185
ITEM00785,REST0131,Butter Naan,Bread,63
ITEM00786,REST0131,Shahi Paneer,Main Course,289
ITEM00787,REST0132,Butter Naan,Bread,68
ITEM00788,REST0132,Chicken Curry,Main Course,338
ITEM00789,REST0132,Dal Makhani,Main Course,230
ITEM00790,REST0132,Shahi Paneer,Main Course,278
ITEM00791,REST0132,Butter Chicken,Main Course,362
ITEM00792,REST0132,Paneer Butter Masala,Main Course,287
ITEM00793,REST0133,Vada Pav,Snack,58
ITEM00794,REST0133,Samosa,Snack,30
ITEM00795,REST0133,Lemon Soda,Beverage,68
ITEM00796,REST0133,Pav Bhaji,Main Course,175
ITEM00797,REST0133,Tea,Beverage,36
ITEM00798,REST0133,Dabeli,Snack,71
ITEM00799,REST0134,Hakka Noodles,Main Course,227
ITEM00800,REST0134,Schezwan Noodles,Main Course,237
ITEM00801,REST0134,Chicken Momos,Starter,226
ITEM00802,REST0134,Spring Rolls,Starter,201
ITEM00803,REST0134,Chicken Fried Rice,Main Course,285
ITEM00804,REST0134,Veg Fried Rice,Main Course,231
ITEM00805,REST0135,Chocolate Lava Cake,Dessert,167
ITEM00806,REST0135,Soft Drink,Beverage,46
ITEM00807,REST0135,Gulab Jamun,Dessert,71
ITEM00808,REST0135,Chocolate Shake,Beverage,168
ITEM00809,REST0135,Mango Shake,Beverage,159
ITEM00810,REST0135,Brownie,Dessert,142
ITEM00811,REST0136,Masala Dosa,Main Course,151
ITEM00812,REST0136,Curd Rice,Main Course,147
ITEM00813,REST0136,Filter Coffee,Beverage,88
ITEM00814,REST0136,Plain Dosa,Main Course,100
ITEM00815,REST0136,Kesari Bath,Dessert,107
ITEM00816,REST0136,Idli,Breakfast,100
ITEM00817,REST0137,Chocolate Shake,Beverage,199
ITEM00818,REST0137,Chocolate Lava Cake,Dessert,169
ITEM00819,REST0137,Gulab Jamun,Dessert,102
ITEM00820,REST0137,Brownie,Dessert,131
ITEM00821,REST0137,Mango Shake,Beverage,165
ITEM00822,REST0137,Soft Drink,Beverage,57
ITEM00823,REST0138,Ice Cream,Dessert,130
ITEM00824,REST0138,Cold Coffee,Beverage,136
ITEM00825,REST0138,Chocolate Lava Cake,Dessert,192
ITEM00826,REST0138,Soft Drink,Beverage,79
ITEM00827,REST0138,Gulab Jamun,Dessert,81
ITEM00828,REST0138,Brownie,Dessert,132
ITEM00829,REST0139,Samosa,Snack,37
ITEM00830,REST0139,Pav Bhaji,Main Course,162
ITEM00831,REST0139,Vada Pav,Snack,49
ITEM00832,REST0139,Kulfi,Dessert,87
ITEM00833,REST0139,Dabeli,Snack,51
ITEM00834,REST0139,Lemon Soda,Beverage,99
ITEM00835,REST0140,Burrito,Main Course,279
ITEM00836,REST0140,Veg Taco,Main Course,240
ITEM00837,REST0140,Churros,Dessert,154
ITEM00838,REST0140,Soft Drink,Beverage,54
ITEM00839,REST0140,Quesadilla,Main Course,291
ITEM00840,REST0140,Nachos,Starter,187
ITEM00841,REST0141,Sandwich,Snack,167
ITEM00842,REST0141,Cold Coffee,Beverage,147
ITEM00843,REST0141,Chocolate Lava Cake,Dessert,183
ITEM00844,REST0141,Brownie,Dessert,137
ITEM00845,REST0141,Garlic Bread,Snack,162
ITEM00846,REST0141,Chocolate Shake,Beverage,186
ITEM00847,REST0142,Dabeli,Snack,53
ITEM00848,REST0142,Samosa,Snack,40
ITEM00849,REST0142,Vada Pav,Snack,53
ITEM00850,REST0142,Pav Bhaji,Main Course,168
ITEM00851,REST0142,Lemon Soda,Beverage,90
ITEM00852,REST0142,Tea,Beverage,30
ITEM00853,REST0143,Schezwan Noodles,Main Course,251
ITEM00854,REST0143,Chicken Fried Rice,Main Course,269
ITEM00855,REST0143,Manchurian,Starter,197
ITEM00856,REST0143,Veg Fried Rice,Main Course,206
ITEM00857,REST0143,Spring Rolls,Starter,170
ITEM00858,REST0143,Chicken Momos,Starter,235
ITEM00859,REST0144,Margherita Pizza,Pizza,347
ITEM00860,REST0144,Cold Coffee,Beverage,143
ITEM00861,REST0144,Tiramisu,Dessert,267
ITEM00862,REST0144,Minestrone Soup,Starter,224
ITEM00863,REST0144,Caesar Salad,Starter,235
ITEM00864,REST0144,Pasta Alfredo,Main Course,306
ITEM00865,REST0145,Raita,Side,77
ITEM00866,REST0145,Gulab Jamun,Dessert,82
ITEM00867,REST0145,Soft Drink,Beverage,52
ITEM00868,REST0145,Paneer Tikka,Starter,318
ITEM00869,REST0145,Veg Biryani,Main Course,246
ITEM00870,REST0145,Chicken Kebab,Starter,244
ITEM00871,REST0146,Chicken Momos,Starter,209
ITEM00872,REST0146,Veg Fried Rice,Main Course,202
ITEM00873,REST0146,Manchurian,Starter,198
ITEM00874,REST0146,Chicken Fried Rice,Main Course,262
ITEM00875,REST0146,Schezwan Noodles,Main Course,256
ITEM00876,REST0146,Spring Rolls,Starter,205
ITEM00877,REST0147,Paneer Tikka,Starter,330
ITEM00878,REST0147,Soft Drink,Beverage,47
ITEM00879,REST0147,Lassi,Beverage,97
ITEM00880,REST0147,Raita,Side,44
ITEM00881,REST0147,Gulab Jamun,Dessert,100
ITEM00882,REST0147,Chicken Biryani,Main Course,346
ITEM00883,REST0148,Paneer Butter Masala,Main Course,262
ITEM00884,REST0148,Dal Makhani,Main Course,256
ITEM00885,REST0148,Shahi Paneer,Main Course,273
ITEM00886,REST0148,Butter Chicken,Main Course,352
ITEM00887,REST0148,Jeera Rice,Main Course,185
ITEM00888,REST0148,Chicken Curry,Main Course,341
ITEM00889,REST0149,Farmhouse Pizza,Pizza,424
ITEM00890,REST0149,Brownie,Dessert,145
ITEM00891,REST0149,Garlic Bread,Side,178
ITEM00892,REST0149,Cheese Garlic Bread,Side,187
ITEM00893,REST0149,French Fries,Side,133
ITEM00894,REST0149,Pepperoni Pizza,Pizza,471
ITEM00895,REST0150,Paneer Butter Masala,Main Course,289
ITEM00896,REST0150,Dal Makhani,Main Course,252
ITEM00897,REST0150,Shahi Paneer,Main Course,303
ITEM00898,REST0150,Jeera Rice,Main Course,176
ITEM00899,REST0150,Gulab Jamun,Dessert,89
ITEM00900,REST0150,Butter Chicken,Main Course,354
ITEM00901,REST0151,Veg Momos,Starter,174
ITEM00902,REST0151,Chicken Momos,Starter,202
ITEM00903,REST0151,Veg Fried Rice,Main Course,234
ITEM00904,REST0151,Manchurian,Starter,205
ITEM00905,REST0151,Hakka Noodles,Main Course,228
ITEM00906,REST0151,Chicken Fried Rice,Main Course,252
ITEM00907,REST0152,Idli,Breakfast,85
ITEM00908,REST0152,Kesari Bath,Dessert,93
ITEM00909,REST0152,Plain Dosa,Main Course,134
ITEM00910,REST0152,Curd Rice,Main Course,127
ITEM00911,REST0152,Masala Dosa,Main Course,130
ITEM00912,REST0152,Uttapam,Main Course,162
ITEM00913,REST0153,French Fries,Snack,128
ITEM00914,REST0153,Mango Shake,Beverage,176
ITEM00915,REST0153,Cold Coffee,Beverage,169
ITEM00916,REST0153,Chocolate Lava Cake,Dessert,178
ITEM00917,REST0153,Garlic Bread,Snack,160
ITEM00918,REST0153,Brownie,Dessert,123
ITEM00919,REST0154,Masala Dosa,Main Course,146
ITEM00920,REST0154,Curd Rice,Main Course,121
ITEM00921,REST0154,Idli,Breakfast,104
ITEM00922,REST0154,Plain Dosa,Main Course,137
ITEM00923,REST0154,Filter Coffee,Beverage,56
ITEM00924,REST0154,Kesari Bath,Dessert,104
ITEM00925,REST0155,Paneer Tikka,Starter,304
ITEM00926,REST0155,Soft Drink,Beverage,60
ITEM00927,REST0155,Gulab Jamun,Dessert,87
ITEM00928,REST0155,Lassi,Beverage,83
ITEM00929,REST0155,Chicken Biryani,Main Course,357
ITEM00930,REST0155,Chicken Kebab,Starter,280
ITEM00931,REST0156,Soft Drink,Beverage,49
ITEM00932,REST0156,Chicken Biryani,Main Course,350
ITEM00933,REST0156,Chicken Kebab,Starter,245
ITEM00934,REST0156,Lassi,Beverage,101
ITEM00935,REST0156,Gulab Jamun,Dessert,81
ITEM00936,REST0156,Paneer Tikka,Starter,319
ITEM00937,REST0157,Nachos,Starter,171
ITEM00938,REST0157,Churros,Dessert,158
ITEM00939,REST0157,Chicken Taco,Main Course,241
ITEM00940,REST0157,Mexican Rice,Main Course,239
ITEM00941,REST0157,Burrito,Main Course,270
ITEM00942,REST0157,Soft Drink,Beverage,51
ITEM00943,REST0158,Curd Rice,Main Course,124
ITEM00944,REST0158,Filter Coffee,Beverage,77
ITEM00945,REST0158,Uttapam,Main Course,155
ITEM00946,REST0158,Plain Dosa,Main Course,129
ITEM00947,REST0158,Masala Dosa,Main Course,155
ITEM00948,REST0158,Medu Vada,Breakfast,66
ITEM00949,REST0159,Idli,Breakfast,94
ITEM00950,REST0159,Filter Coffee,Beverage,51
ITEM00951,REST0159,Masala Dosa,Main Course,137
ITEM00952,REST0159,Uttapam,Main Course,140
ITEM00953,REST0159,Curd Rice,Main Course,122
ITEM00954,REST0159,Plain Dosa,Main Course,108
ITEM00955,REST0160,Burrito,Main Course,298
ITEM00956,REST0160,Churros,Dessert,140
ITEM00957,REST0160,Veg Taco,Main Course,200
ITEM00958,REST0160,Nachos,Starter,166
ITEM00959,REST0160,Chicken Taco,Main Course,274
ITEM00960,REST0160,Quesadilla,Main Course,291
ITEM00961,REST0161,Dal Makhani,Main Course,239
ITEM00962,REST0161,Gulab Jamun,Dessert,91
ITEM00963,REST0161,Jeera Rice,Main Course,190
ITEM00964,REST0161,Chicken Curry,Main Course,319
ITEM00965,REST0161,Shahi Paneer,Main Course,285
ITEM00966,REST0161,Paneer Butter Masala,Main Course,263
ITEM00967,REST0162,Cheese Garlic Bread,Side,176
ITEM00968,REST0162,French Fries,Side,154
ITEM00969,REST0162,Brownie,Dessert,138
ITEM00970,REST0162,Margherita Pizza,Pizza,336
ITEM00971,REST0162,Soft Drink,Beverage,72
ITEM00972,REST0162,Garlic Bread,Side,166
ITEM00973,REST0163,Samosa,Snack,44
ITEM00974,REST0163,Vada Pav,Snack,49
ITEM00975,REST0163,Pav Bhaji,Main Course,172
ITEM00976,REST0163,Kulfi,Dessert,78
ITEM00977,REST0163,Lemon Soda,Beverage,74
ITEM00978,REST0163,Dabeli,Snack,74
ITEM00979,REST0164,Dal Makhani,Main Course,238
ITEM00980,REST0164,Chicken Curry,Main Course,332
ITEM00981,REST0164,Gulab Jamun,Dessert,74
ITEM00982,REST0164,Paneer Butter Masala,Main Course,299
ITEM00983,REST0164,Butter Naan,Bread,61
ITEM00984,REST0164,Shahi Paneer,Main Course,277
ITEM00985,REST0165,French Fries,Side,147
ITEM00986,REST0165,Margherita Pizza,Pizza,363
ITEM00987,REST0165,Soft Drink,Beverage,61
ITEM00988,REST0165,Cheese Garlic Bread,Side,208
ITEM00989,REST0165,Farmhouse Pizza,Pizza,411
ITEM00990,REST0165,Brownie,Dessert,147
ITEM00991,REST0166,Samosa,Snack,30
ITEM00992,REST0166,Lemon Soda,Beverage,77
ITEM00993,REST0166,Kulfi,Dessert,91
ITEM00994,REST0166,Tea,Beverage,33
ITEM00995,REST0166,Misal Pav,Main Course,146
ITEM00996,REST0166,Pav Bhaji,Main Course,154
ITEM00997,REST0167,Cold Coffee,Beverage,154
ITEM00998,REST0167,Garlic Bread,Snack,168
ITEM00999,REST0167,Chocolate Shake,Beverage,190
ITEM01000,REST0167,French Fries,Snack,124
ITEM01001,REST0167,Mango Shake,Beverage,157
ITEM01002,REST0167,Sandwich,Snack,196
ITEM01003,REST0168,Garlic Bread,Snack,148
ITEM01004,REST0168,French Fries,Snack,131
ITEM01005,REST0168,Mango Shake,Beverage,174
ITEM01006,REST0168,Chocolate Shake,Beverage,182
ITEM01007,REST0168,Cold Coffee,Beverage,150
ITEM01008,REST0168,Chocolate Lava Cake,Dessert,191
ITEM01009,REST0169,Garlic Bread,Snack,155
ITEM01010,REST0169,Brownie,Dessert,144
ITEM01011,REST0169,French Fries,Snack,146
ITEM01012,REST0169,Sandwich,Snack,195
ITEM01013,REST0169,Mango Shake,Beverage,181
ITEM01014,REST0169,Cold Coffee,Beverage,164
ITEM01015,REST0170,Manchurian,Starter,227
ITEM01016,REST0170,Veg Momos,Starter,186
ITEM01017,REST0170,Spring Rolls,Starter,203
ITEM01018,REST0170,Schezwan Noodles,Main Course,266
ITEM01019,REST0170,Chicken Fried Rice,Main Course,264
ITEM01020,REST0170,Hakka Noodles,Main Course,215
ITEM01021,REST0171,Gulab Jamun,Dessert,105
ITEM01022,REST0171,Chocolate Lava Cake,Dessert,190
ITEM01023,REST0171,Brownie,Dessert,128
ITEM01024,REST0171,Ice Cream,Dessert,107
ITEM01025,REST0171,Mango Shake,Beverage,153
ITEM01026,REST0171,Chocolate Shake,Beverage,182
ITEM01027,REST0172,Lemon Soda,Beverage,95
ITEM01028,REST0172,Kulfi,Dessert,86
ITEM01029,REST0172,Pav Bhaji,Main Course,165
ITEM01030,REST0172,Samosa,Snack,33
ITEM01031,REST0172,Dabeli,Snack,64
ITEM01032,REST0172,Vada Pav,Snack,43
ITEM01033,REST0173,Nachos,Starter,161
ITEM01034,REST0173,Veg Taco,Main Course,227
ITEM01035,REST0173,Mexican Rice,Main Course,243
ITEM01036,REST0173,Chicken Taco,Main Course,243
ITEM01037,REST0173,Burrito,Main Course,266
ITEM01038,REST0173,Soft Drink,Beverage,77
ITEM01039,REST0174,Schezwan Noodles,Main Course,253
ITEM01040,REST0174,Chicken Fried Rice,Main Course,259
ITEM01041,REST0174,Veg Momos,Starter,165
ITEM01042,REST0174,Manchurian,Starter,205
ITEM01043,REST0174,Hakka Noodles,Main Course,214
ITEM01044,REST0174,Spring Rolls,Starter,170
ITEM01045,REST0175,Tiramisu,Dessert,263
ITEM01046,REST0175,Pasta Arrabbiata,Main Course,309
ITEM01047,REST0175,Cold Coffee,Beverage,160
ITEM01048,REST0175,Garlic Bread,Side,166
ITEM01049,REST0175,Minestrone Soup,Starter,221
ITEM01050,REST0175,Margherita Pizza,Pizza,358
ITEM01051,REST0176,Hakka Noodles,Main Course,212
ITEM01052,REST0176,Veg Fried Rice,Main Course,238
ITEM01053,REST0176,Manchurian,Starter,201
ITEM01054,REST0176,Schezwan Noodles,Main Course,262
ITEM01055,REST0176,Chicken Momos,Starter,210
ITEM01056,REST0176,Spring Rolls,Starter,170
ITEM01057,REST0177,Curd Rice,Main Course,152
ITEM01058,REST0177,Kesari Bath,Dessert,99
ITEM01059,REST0177,Medu Vada,Breakfast,74
ITEM01060,REST0177,Filter Coffee,Beverage,77
ITEM01061,REST0177,Idli,Breakfast,80
ITEM01062,REST0177,Uttapam,Main Course,157
ITEM01063,REST0178,Chicken Burger,Burger,239
ITEM01064,REST0178,Cold Drink,Beverage,43
ITEM01065,REST0178,Cheese Fries,Side,164
ITEM01066,REST0178,Ice Cream,Dessert,125
ITEM01067,REST0178,Brownie,Dessert,131
ITEM01068,REST0178,Chocolate Shake,Beverage,195
ITEM01069,REST0179,Farmhouse Pizza,Pizza,425
ITEM01070,REST0179,Soft Drink,Beverage,64
ITEM01071,REST0179,French Fries,Side,130
ITEM01072,REST0179,Garlic Bread,Side,143
ITEM01073,REST0179,Cheese Garlic Bread,Side,193
ITEM01074,REST0179,Brownie,Dessert,147
ITEM01075,REST0180,Burrito,Main Course,298
ITEM01076,REST0180,Nachos,Starter,181
ITEM01077,REST0180,Veg Taco,Main Course,201
ITEM01078,REST0180,Mexican Rice,Main Course,235
ITEM01079,REST0180,Quesadilla,Main Course,288
ITEM01080,REST0180,Chicken Taco,Main Course,250
ITEM01081,REST0181,Dal Makhani,Main Course,232
ITEM01082,REST0181,Paneer Butter Masala,Main Course,295
ITEM01083,REST0181,Gulab Jamun,Dessert,82
ITEM01084,REST0181,Shahi Paneer,Main Course,310
ITEM01085,REST0181,Jeera Rice,Main Course,162
ITEM01086,REST0181,Butter Naan,Bread,55
ITEM01087,REST0182,Paneer Tikka,Starter,320
ITEM01088,REST0182,Veg Biryani,Main Course,242
ITEM01089,REST0182,Lassi,Beverage,73
ITEM01090,REST0182,Gulab Jamun,Dessert,90
ITEM01091,REST0182,Soft Drink,Beverage,45
ITEM01092,REST0182,Raita,Side,59
ITEM01093,REST0183,Paneer Butter Masala,Main Course,285
ITEM01094,REST0183,Butter Chicken,Main Course,362
ITEM01095,REST0183,Jeera Rice,Main Course,168
ITEM01096,REST0183,Chicken Curry,Main Course,316
ITEM01097,REST0183,Dal Makhani,Main Course,241
ITEM01098,REST0183,Shahi Paneer,Main Course,296
ITEM01099,REST0184,Dal Makhani,Main Course,257
ITEM01100,REST0184,Shahi Paneer,Main Course,272
ITEM01101,REST0184,Gulab Jamun,Dessert,88
ITEM01102,REST0184,Paneer Butter Masala,Main Course,270
ITEM01103,REST0184,Chicken Curry,Main Course,319
ITEM01104,REST0184,Butter Naan,Bread,69
ITEM01105,REST0185,Chicken Burger,Burger,209
ITEM01106,REST0185,Chocolate Shake,Beverage,170
ITEM01107,REST0185,Veg Burger,Burger,192
ITEM01108,REST0185,Ice Cream,Dessert,133
ITEM01109,REST0185,Cold Drink,Beverage,78
ITEM01110,REST0185,French Fries,Side,153
ITEM01111,REST0186,Minestrone Soup,Starter,239
ITEM01112,REST0186,Garlic Bread,Side,167
ITEM01113,REST0186,Pasta Arrabbiata,Main Course,292
ITEM01114,REST0186,Margherita Pizza,Pizza,354
ITEM01115,REST0186,Caesar Salad,Starter,245
ITEM01116,REST0186,Cold Coffee,Beverage,143
ITEM01117,REST0187,Dal Makhani,Main Course,229
ITEM01118,REST0187,Gulab Jamun,Dessert,89
ITEM01119,REST0187,Shahi Paneer,Main Course,305
ITEM01120,REST0187,Chicken Curry,Main Course,315
ITEM01121,REST0187,Paneer Butter Masala,Main Course,291
ITEM01122,REST0187,Butter Naan,Bread,46
ITEM01123,REST0188,Manchurian,Starter,207
ITEM01124,REST0188,Veg Fried Rice,Main Course,236
ITEM01125,REST0188,Schezwan Noodles,Main Course,253
ITEM01126,REST0188,Spring Rolls,Starter,192
ITEM01127,REST0188,Chicken Momos,Starter,205
ITEM01128,REST0188,Hakka Noodles,Main Course,214
ITEM01129,REST0189,Raita,Side,68
ITEM01130,REST0189,Gulab Jamun,Dessert,78
ITEM01131,REST0189,Chicken Kebab,Starter,247
ITEM01132,REST0189,Lassi,Beverage,106
ITEM01133,REST0189,Soft Drink,Beverage,71
ITEM01134,REST0189,Chicken Biryani,Main Course,322
ITEM01135,REST0190,Chocolate Shake,Beverage,168
ITEM01136,REST0190,Brownie,Dessert,148
ITEM01137,REST0190,French Fries,Side,143
ITEM01138,REST0190,Cheese Fries,Side,182
ITEM01139,REST0190,Cold Drink,Beverage,79
ITEM01140,REST0190,Ice Cream,Dessert,120
ITEM01141,REST0191,Chicken Momos,Starter,202
ITEM01142,REST0191,Hakka Noodles,Main Course,249
ITEM01143,REST0191,Manchurian,Starter,193
ITEM01144,REST0191,Chicken Fried Rice,Main Course,265
ITEM01145,REST0191,Veg Momos,Starter,195
ITEM01146,REST0191,Schezwan Noodles,Main Course,230
ITEM01147,REST0192,Idli,Breakfast,106
ITEM01148,REST0192,Curd Rice,Main Course,145
ITEM01149,REST0192,Masala Dosa,Main Course,134
ITEM01150,REST0192,Kesari Bath,Dessert,94
ITEM01151,REST0192,Medu Vada,Breakfast,84
ITEM01152,REST0192,Filter Coffee,Beverage,79
ITEM01153,REST0193,Chicken Burger,Burger,205
ITEM01154,REST0193,French Fries,Side,131
ITEM01155,REST0193,Cheese Fries,Side,156
ITEM01156,REST0193,Chocolate Shake,Beverage,185
ITEM01157,REST0193,Cold Drink,Beverage,67
ITEM01158,REST0193,Veg Burger,Burger,172
ITEM01159,REST0194,Cold Coffee,Beverage,161
ITEM01160,REST0194,Chocolate Lava Cake,Dessert,173
ITEM01161,REST0194,Brownie,Dessert,150
ITEM01162,REST0194,Soft Drink,Beverage,47
ITEM01163,REST0194,Chocolate Shake,Beverage,177
ITEM01164,REST0194,Gulab Jamun,Dessert,99
ITEM01165,REST0195,Veg Burger,Burger,173
ITEM01166,REST0195,Cold Drink,Beverage,60
ITEM01167,REST0195,Chicken Burger,Burger,236
ITEM01168,REST0195,Cheese Fries,Side,152
ITEM01169,REST0195,Chocolate Shake,Beverage,198
ITEM01170,REST0195,French Fries,Side,144
ITEM01171,REST0196,Cold Coffee,Beverage,133
ITEM01172,REST0196,Garlic Bread,Snack,153
ITEM01173,REST0196,Mango Shake,Beverage,151
ITEM01174,REST0196,Brownie,Dessert,147
ITEM01175,REST0196,Chocolate Lava Cake,Dessert,177
ITEM01176,REST0196,Sandwich,Snack,176
ITEM01177,REST0197,Pepperoni Pizza,Pizza,465
ITEM01178,REST0197,Margherita Pizza,Pizza,349
ITEM01179,REST0197,Farmhouse Pizza,Pizza,428
ITEM01180,REST0197,Soft Drink,Beverage,66
ITEM01181,REST0197,Brownie,Dessert,153
ITEM01182,REST0197,French Fries,Side,133
ITEM01183,REST0198,Paneer Tikka,Starter,309
ITEM01184,REST0198,Chicken Biryani,Main Course,330
ITEM01185,REST0198,Veg Biryani,Main Course,252
ITEM01186,REST0198,Gulab Jamun,Dessert,92
ITEM01187,REST0198,Chicken Kebab,Starter,266
ITEM01188,REST0198,Soft Drink,Beverage,70
ITEM01189,REST0199,Soft Drink,Beverage,76
ITEM01190,REST0199,Chocolate Shake,Beverage,184
ITEM01191,REST0199,Mango Shake,Beverage,150
ITEM01192,REST0199,Ice Cream,Dessert,135
ITEM01193,REST0199,Gulab Jamun,Dessert,108
ITEM01194,REST0199,Cold Coffee,Beverage,142
ITEM01195,REST0200,Chicken Biryani,Main Course,340
ITEM01196,REST0200,Gulab Jamun,Dessert,70
ITEM01197,REST0200,Soft Drink,Beverage,49
ITEM01198,REST0200,Paneer Tikka,Starter,319
ITEM01199,REST0200,Lassi,Beverage,79
ITEM01200,REST0200,Chicken Kebab,Starter,271
